{"mean": [39.1883437191703, 1.1376924709966658, 0.024326585661300998, 0.21475579754486307, 0.02181650161719345, 0.14275010302583763, 0.0024726201031507176, 0.0033342907451577855, 0.0002497596063788603, 0.10902006818437254, 0.07929349816007107, 0.0072474707921447905, 0.10016609013824194, 0.028834746556439427, 0.746681319230241, 0.27655881214331207, 0.011775133171024825, 0.5163530102276559, 0.3443310813342158, -0.6540100516702969, 1.8378254679870627], "scale": [48.140965903528034, 1.8345729991673698, 0.16942555609560117, 0.9526670543260268, 0.2780048447477942, 0.9129830306830009, 0.0735776433996548, 0.20502661348982934, 0.031999250089530994, 1.630588566040761, 0.04036830207017349, 0.018289475850705998, 0.3002213258991765, 0.16734187744693593, 0.4349118608900291, 0.4472963621238075, 0.024610331001118924, 0.726113267819867, 0.4751496477547105, 2.232759403007253, 1.855865564905381], "features": ["url_length", "n_slash", "n_questionmark", "n_equal", "n_at", "n_and", "n_exclamation", "n_asterisk", "n_hastag", "n_percent", "dots_per_length", "hyphens_per_length", "is_long_url", "has_many_dots", "has_ssl", "is_cloudflare_protected", "special_char_density", "suspicious_tld_risk", "has_redirects", "risk_score", "url_complexity"]}